Field,Title
Artificial Intelligence   (general),AI Architect
Artificial Intelligence   (general),AI Data Scientist
Artificial Intelligence   (general),AI Developer
Artificial Intelligence   (general),AI Engineer
Artificial Intelligence   (general),AI Product Manager
Artificial Intelligence   (general),AI Programmer
Artificial Intelligence   (general),AI Research Engineer
Artificial Intelligence   (general),AI Research Scientist
Artificial Intelligence   (general),AI Researcher
Artificial Intelligence   (general),AI Scientist
Artificial Intelligence   (general),AI Software Development Engineer
Artificial Intelligence   (general),AI Software Engineer
Artificial Intelligence   (general),AI Solution Architect
Artificial Intelligence   (general),AI Specialist
Artificial Intelligence   (general),Artificial Intelligence Engineer
Artificial Intelligence   (general),Computer Vision Engineer
Artificial Intelligence   (general),Computer Vision Software Engineer
Artificial Intelligence   (general),Head of AI
Artificial Intelligence   (general),Lead AI Engineer
Business Intelligence,BI Analyst
Business Intelligence,BI Data Analyst
Business Intelligence,BI Data Engineer
Business Intelligence,BI Developer
Business Intelligence,BI Engineer
Business Intelligence,Business Intelligence
Business Intelligence,Business Intelligence Analyst
Business Intelligence,Business Intelligence Consultant
Business Intelligence,Business Intelligence Data Analyst
Business Intelligence,Business Intelligence Developer
Business Intelligence,Business Intelligence Engineer
Business Intelligence,Business Intelligence Lead
Business Intelligence,Business Intelligence Manager
Business Intelligence,Business Intelligence Specialist
Business Intelligence,Director of Business Intelligence
Business Intelligence,Head of Business Intelligence
Business Intelligence,Power BI Developer
Data Analysis,Admin & Data Analyst
Data Analysis,Business Analyst
Data Analysis,Business Data Analyst
Data Analysis,Compliance Data Analyst
Data Analysis,CRM Data Analyst
Data Analysis,Data Analyst
Data Analysis,Data Analyst Lead
Data Analysis,Data Analytics Associate
Data Analysis,Data Analytics Consultant
Data Analysis,Data Analytics Engineer
Data Analysis,Data Analytics Lead
Data Analysis,Data Analytics Manager
Data Analysis,Data Analytics Specialist
Data Analysis,Data Analytics Team Lead
Data Analysis,Data Governance Analyst
Data Analysis,Data Integration Analyst
Data Analysis,Data Management Analyst
Data Analysis,Data Operations Analyst
Data Analysis,Data Quality Analyst
Data Analysis,Data Reporting Analyst
Data Analysis,Data Visualization Analyst
Data Analysis,Finance Data Analyst
Data Analysis,Financial Data Analyst
Data Analysis,Insight Analyst
Data Analysis,Lead Data Analyst
Data Analysis,Marketing Data Analyst
Data Analysis,Principal Data Analyst
Data Analysis,Product Data Analyst
Data Analysis,Quantitative Research Analyst
Data Analysis,Research Analyst
Data Analysis,Sales Data Analyst
Data Analysis,Staff Data Analyst
Data Engineering,Analytics Engineer
Data Engineering,Analytics Engineering Manager
Data Engineering,AWS Data Architect
Data Engineering,Azure Data Engineer
Data Engineering,Big Data Architect
Data Engineering,Big Data Developer
Data Engineering,Big Data Engineer
Data Engineering,Cloud Data Architect
Data Engineering,Cloud Data Engineer
Data Engineering,Cloud Database Administrator
Data Engineering,Cloud Database Engineer
Data Engineering,Consultant Data Engineer
Data Engineering,Data Architect
Data Engineering,Data Developer
Data Engineering,Data DevOps Engineer
Data Engineering,Data Engineer
Data Engineering,Data Governance Engineer
Data Engineering,Data Governance Lead
Data Engineering,Data Governance Manager
Data Engineering,Data Governance Specialist
Data Engineering,Data Infrastructure Engineer
Data Engineering,Data Integration Coordinator
Data Engineering,Data Integration Developer
Data Engineering,Data Integration Engineer
Data Engineering,Data Integration Specialist
Data Engineering,Data Lead
Data Engineering,Data Management Associate
Data Engineering,Data Management Consultant
Data Engineering,Data Management Lead
Data Engineering,Data Management Manager
Data Engineering,Data Management Specialist
Data Engineering,Data Manager
Data Engineering,Data Operations Associate
Data Engineering,Data Operations Engineer
Data Engineering,Data Operations Manager
Data Engineering,Data Operations Specialist
Data Engineering,Data Pipeline Engineer
Data Engineering,Data Product Manager
Data Engineering,Data Product Owner
Data Engineering,Data Quality Engineer
Data Engineering,Data Quality Manager
Data Engineering,Data Quality Specialist
Data Engineering,Data Specialist
Data Engineering,Data Strategist
Data Engineering,Data Strategy Lead
Data Engineering,Data Strategy Manager
Data Engineering,Data Team Lead
Data Engineering,Data Visualization Developer
Data Engineering,Data Visualization Engineer
Data Engineering,Data Visualization Specialist
Data Engineering,DataOps Engineer
Data Engineering,Encounter Data Management Professional
Data Engineering,ETL Developer
Data Engineering,ETL Engineer
Data Engineering,Head of Data
Data Engineering,Lead Data Engineer
Data Engineering,Manager Data Management
Data Engineering,Marketing Data Engineer
Data Engineering,Master Data Specialist
Data Engineering,Principal Data Architect
Data Engineering,Principal Data Engineer
Data Engineering,Software Data Engineer
Data Engineering,Systems Engineer
Data Science,Applied Data Scientist
Data Science,Applied Research Scientist
Data Science,Applied Scientist
Data Science,Associate
Data Science,Data Modeler
Data Science,Data Science Tech Lead
Data Science,Data Scientist
Data Science,Data Scientist Lead
Data Science,Decision Scientist
Data Science,Lead Data Scientist
Data Science,Marketing Data Scientist
Data Science,Principal Data Scientist
Data Science,Research Associate
Data Science,Research Engineer
Data Science,Research Scientist
Data Science,SAS Developer
Data Science,Staff Data Scientist
Data Science,Statistical Programmer
Machine Learning,Applied Machine Learning Engineer
Machine Learning,Applied Machine Learning Scientist
Machine Learning,Deep Learning Engineer
Machine Learning,Deep Learning Researcher
Machine Learning,Head of Machine Learning
Machine Learning,Lead Machine Learning Engineer
Machine Learning,Machine Learning Architect
Machine Learning,Machine Learning Developer
Machine Learning,Machine Learning Engineer
Machine Learning,Machine Learning Infrastructure Engineer
Machine Learning,Machine Learning Manager
Machine Learning,Machine Learning Model Engineer
Machine Learning,Machine Learning Modeler
Machine Learning,Machine Learning Platform Engineer
Machine Learning,Machine Learning Quality Engineer
Machine Learning,Machine Learning Research Engineer
Machine Learning,Machine Learning Researcher
Machine Learning,Machine Learning Scientist
Machine Learning,Machine Learning Software Engineer
Machine Learning,Machine Learning Specialist
Machine Learning,ML Infrastructure Engineer
Machine Learning,MLOps Engineer
Machine Learning,NLP Engineer
Machine Learning,Principal Machine Learning Engineer
Machine Learning,Staff Machine Learning Engineer
Research & Development   (general),Autonomous Vehicle Technician
Research & Development   (general),Bear Robotics
Research & Development   (general),Computational Biologist
Research & Development   (general),Engineering Manager
Research & Development   (general),Quantitative Researcher
Research & Development   (general),Robotics Engineer
Software Development   (general),Backend Engineer
Software Development   (general),DevOps Engineer
Software Development   (general),Frontend Engineer
Software Development   (general),Full Stack Engineer
Software Development   (general),Platform Engineer
Software Development   (general),Principal Statistical Programmer
Software Development   (general),Prompt Engineer
Software Development   (general),Python Developer
Software Development   (general),Robotics Software Engineer
Software Development   (general),Site Reliability Engineer
Software Development   (general),Software Developer
Software Development   (general),Software Development Engineer
Software Development   (general),Software Engineer
Software Development   (general),Solutions Architect
Software Development   (general),Solutions Engineer
Software Development   (general),Technical Lead
